Name	Reactants	SMARTS	Products
0_0	Any	[#6:3][C:2]#[N:1]>>[#6:3]-[#6:2]-[#8H1]	Any
1_0	Any	[#6:1]-[#6:2](=[O:3])-[#8X2:4]-[#6:5]>>[#6:1]-[#6:2](=[O:3])-[#8X2]-[C].[#8X2:4]-[#6:5]	Any;Any
2_0	Any	[#6:5]-[#8X2:4]-[#6:1](=[O:6])-[#8:2]-[#6:3]>>[#6:3]-[#8:2]-[#6:1](=[O:6])-[#8]-[#6].[#6:5]-[#8X2:4]	Any;Any
3_0	Any	[#6:5][#6H2:6]([#7H2;R0:3])>>[#6:5][#6H1:6](=[#8])	Any
4_0	Any	[#6H3:1]-[#6H2:2]-[#6H2:3]-[#6H2:4]>>[#6:4]-[#6:3]-[#6:2]-[#6:1]-[#6]=[O]	Any
5_0	Any	[#6:1][#6X2H0:2]#[NX3H0:3]>>[#6:1][#6X3H1:2](=[O])	Any
6_0	Any	[#6:10]-[#6H0;R0:1](=[OH0:2])[OH1:3]>>[#6:10]-[#6:1]=[O:2]	Any
7_0	Any	[#6:1][#6H2:2][#8H1:4]>>[#6:1][#6H1:2]=[#8:4]	Any
8_0	Any	[#6:1][#6:2]([OH:3])[#6:5]([OH:4])[#6H0:6](=[O:7])[#6H2:8][OH:9]>>[#6:1][#6:2](=[O:3]).[OH:4][#6H2:5][#6H0:6](=[O:7])[#6H2:8][OH:9]	Any;Any
9_0	Any	[#6:1][#6:2]([OH:3])[#6:5]([OH:4])[#6H0:6](=[O:7])[#6H2:8][O:9][P:10](=[O:11])([O:12])[O:13]>>[#6:1][#6:2](=[O:3]).[OH:4][#6:5][#6:6](=[O:7])[#6H2:8][O:9][P:10](=[O:11])([O:12])[O:13]	Any;Any
10_0	Any	[#6X4:1]-[#6X4:2](-[OH:3])-[#6X4:4]-[#6X3:5]=[OH0:6]>>[#6X4:1]-[#6X3:2]=[OH0:3].[#6X4:4]-[#6X3:5]=[OH0:6]	Any;Any
11_0	Any	[#6X4:1]-[#6:2](-[OH:3])-[#6X4:4]-[#6H0;R0:5](=[OH0:6])-[#6X4:7]>>[#6X4:1]-[#6H1:2]=[OH0:3].[#6X4:4]-[#6H0;R0:5](=[OH0:6])-[#6X4:7]	Any;Any
12_0	Any	[#6X4:1]-[#6:2](-[OH:3])-[#6H1R1:4]-[#6H0:5](=[O:6])-[#6:7]>>[#6X4:1]-[#6H1:2]=[O:3].[#6H2;R1:4]-[#6H0:5](=[O:6])-[#6:7]	Any;Any
13_0	Any	[#6X4;z1:2]([OH:3])[#6H2:4][#6H0:5](=[O:6])[#6H0:7](=[O:8])[OH:9]>>[#6X4;z1:2](=[O:3]).[#6H3:4][#6H0:5](=[O:6])[#6H0:7](=[O:8])[OH:9]	Any;Any
14_0	Any	[#6:1][#6:2]([OH:3])[#6:5]([NH2:4])[#6H0:6](=[O:7])[OH:8]>>[#6:1][#6:2](=[O:3]).[NH2:4][#6H2:5][#6H0:6](=[O:7])[OH:8]	Any;Any
15_0	Any	[#6:1][C:2]#[N:3]>>[#6:1]\[#6H1:2]=[#7:3]/[#8]	Any
16_0	Any	[#6:1]-[#6X4:2]-1-[OH0:5]-[#6z1:3]-1>>[#6:1]-[#6:2]=[#6:3]	Any
17_0	Any	[#6:1][#6H0;R0:2](=[O:3])-[NX3:5]>>[#6:1][#6H0;R0:2](=[O:3])[OH].[Nh1X3:5]	Any;Any
18_0	Any	[#6:1][#6;H0:2](=[OH0:3])[OH:4]>>[#6:1][#6:2](=[O:3])[NH][#6X4]	Any
19_0	Any	[#6X4:5][NH2:6]>>[#6][#6](=[O])[NH:6][#6X4:5]	Any
20_0	Any	[c:6]1[c:7][c:2](-[OH:1])[c:3][c:4][c:5]1-[#6:8]-[#6h1:9](-[NH2:20])-[#6:11](=[O:12])-[OH:13]>>[c:6]1[c:7][c:2](-[O:1])[c:3][c:4][c:5]1.[#6:8]-[#6H0:9](=[O])-[#6:11](=[O:12])-[OH:13]	Any;Any
21_0	Any	[#6:1][#6H1:2]=[NX2:3]>>[#6:1][#6H2:2][N:3]	Any
22_0	Any	[#6:1][#6H0:2]([#6:4])=[NX2:3]>>[#6:1][#6@@H1:2]([#6:4])[N:3]	Any
23_0	Any	[#6:3]-[#6:2](=[O:6])-[#6:1](-[#8H1:4])=[O:5]>>[#6:3]-[#6@@H:2](-[NH2])-[#6:1](-[#8H:4])=[O:5]	Any
24_0	Any	[#6:3]-[#6:2](=[O:6])-[#6:1](-[#8H1:4])=[O:5]>>[#6:3]-[#6@H:2](-[NH2])-[#6:1](-[#8H:4])=[O:5]	Any
25_0	Any	[#6:1][#6H0;R0:2](=[O:3])-[NX3:5]>>[#6:1][#6H0;R0:2](=[O:3])[O]-[#6].[Nh1X3:5]	Any;Any
26_0	Any	[#6:5]-[#7H1:4]-[#6:1](=[O:6])-[#8:2]-[#6:3]>>[#6:3]-[#8:2]-[#6:1](=[O:6])-[#8]-[#6].[#6:5]-[#7:4]	Any;Any
27_0	Any	[#6:1]-[#6H1:2](-[NH1;R0:10])-[#6H2:3]-[#6:4]=[O:5]>>[#6:1]-[#6H1:2]=[#6H1:3]-[#6:4]=[O:5].[NH2;R0:10]	Any;Any
28_0	Any	[#6:1]-[#6:2](-[NH1;R0:10])-[#6:3]-[#6:4]-[N:5](-[O:6])-[O:7]>>[#6:1]-[#6:2]=[#6:3]-[#6:4]-[N:5](-[O:6])-[O:7].[NH2;R0:10]	Any;Any
29_0	Any	[#6:1][#6:2]([NH1;R0:10])[#6:3][#6:4]#[N:6]>>[#6:1][#6:2]=[#6:3][#6:4]#[N:6].[NH2;R0:10]	Any;Any
30_0	Any	[#6:10]-[#6:9](=[O:11])-[c:2]1[cH1:3][c:4][c:5](-[#8H1:8])[cH1:6][c:1]1-[#8H1:7]>>[#8:7]-[c:1]1[c:2][c:3][c:4][c:5](-[#8:8])[c:6]1.[#6]-[#8]-[#6:9](-[#6:10])=[O:11]	Any;Any
31_0	Any	[#6:10]-[#6:9](=[O:11])-[c:2]1[cH1:3][c:4][c:5](-[#8H1:8])[cH1:6][c:1]1-[#8H1:7]>>[#8:7]-[c:1]1[c:2][c:3][c:4][c:5](-[#8:8])[c:6]1.[#6]-[#16]-[#6:9](-[#6:10])=[O:11]	Any;Any
32_0	Any	[#6:8]-[#6:7](=[O:9])-[c:1]1[cH1:6][c:5][c:4](-[#8H1:11])[cH1:3][c:2]1-[#8H1:10]>>[#8:10]-[c:2]1[c:1][c:6][c:5][c:4](-[#8:11])[c:3]1.[#6]-[#6](=[O])-[c]1[c](-[#8])[c][c](-[#8])[c](-[#6:7](-[#6:8])=[O:9])[c]1-[#8]	Any;Any
33_0	Any	[#6:1]-[#6h1:2](-[#6H3:8])-[#6:3](=[O:4])-[#6:5](-[#8H1:7])=[O:6]>>[#6:1]-[#6:2]-[#6:3](=[O:4])-[#6:5](-[#8H1:7])=[O:6]	Any
34_0	Any	[#8:10]-[#6:8](=[O:9])-[c:6]1[c:5][c:4][c:3][c:2][c:1]1-[#8H1:7]>>[#8:7]-[c:1]1[cH1:6][c:5][c:4][c:3][c:2]1	Any
35_0	Any	[#8:11]-[#6:10](=[O:12])\[#6H1:9]=[#6H1:8]\[c:6]1[cH1:1][c:2][c:3](-[#8H1:7])[c:4][cH1:5]1>>[#8:7]-[c:3]1[c:2][c:1][c:6](-[#6:8]=[#6:9])[c:5][c:4]1	Any
36_0	Any	[#6:1][#6H1:2](=[O:3])>>[#6:1][#6H0:2](=[O:3])[OH]	Any
37_0	Any	[#6:3]-[#6:1](=[O:2])-[#16:51]-[#6:50]-[#6:49]-[#7:48]-[#6:46](=[O:47])-[#6:45]-[#6:44]-[#7:43]-[#6:41](=[O:42])-[#6@H:39](-[#8:40])[C:5]([#6:4])([#6:6])[#6:7]-[#8:8][P:9]([#8:10])(=[O:11])[#8:12][P:13]([#8:14])(=[O:15])[#8:16]-[#6:17]-[#6@H:18]-1-[#8:19]-[#6@H:20](-[#6@H:21](-[#8:22])-[#6@@H:23]-1-[#8:24][P:25]([#8:26])([#8:27])=[O:28])-[n:29]1[c:30][n:31][c:32]2[c:33](-[#7:34])[n:35][c:36][n:37][c:38]12>>[#6:3]-[#6:1](-[#8])=[O:2]	Any
38_0	Any	[#6;z1:7]-[N;R0:6]-[#6:1]-[#6:2]-[#6:3](=[O:4])-[#6:5]>>[#6:1]=[#6:2]-[#6:3](=[O:4])-[#6:5].[N:6]-[#6:7]	Any;Any
39_0	Any	[N:1]1[#6:2][#6:3][#6:4][#6:5][#6:6]1[#6:7][#6:8](=[O:9])[#6:10]>>[N:1][#6:2][#6:3][#6:4][#6:5][#6:6]=[#6:7][#6:8](=[O:9])[#6:10]	Any
40_0	Any	[#6:1][#6H1:2](=[O:3])>>[#6:1][#6H0:2](=[O:3])[#6H0](=[O])[OH]	Any
41_0	Any	[#6:1][#6H2:2]([NH2:3])>>[#6:1][#6@@H1:2]([NH2:3])[#6H0](=[O])[OH]	Any
42_0	Any	[#6:1][#6H2:2]([NH2:3])>>[#6:1][#6@H1:2]([NH2:3])[#6H0](=[O])[OH]	Any
43_0	Any	[#6:4]=[#6:5]-[c:6]>>[OH][#6](=[O])\[#6:4]=[#6:5]\[c:6]	Any
44_0	Any	[#6:4]=[#6:5]-[#6:6]=[#6:7]>>[OH][#6](=[O])[#6:4]=[#6:5][#6:6]=[#6:7]	Any
45_0	Any	[#6H3:7][#6:1](-[#6:2]=[#6:3])-[#6:4](-[#8H1:5])=[O:6]>>[#6H3:7][C:1]([#6:2]=[#6:3])([#6:4](-[#8H1:5])=[O:6])[#6](-[#8H1])=[O]	Any
46_0	Any	[#6H3:8][#6:6](-[#6:7](-[#8H1:9])=[O:10])-[c:1]1[c:2][c:3][c:11][c:4][c:5]1>>[#6H3:8][C:6]([#6](-[#8H1])=[O])([#6:7](-[#8H1:9])=[O:10])[c:1]1[c:2][c:3][c:11][c:4][c:5]1	Any
47_0	Any	[#6:10]-[#7:9]-[#6:3](-[#6:1]-[#6:2](-[#8H1:7])=[O:8])-[#6:4](-[#8H1:5])=[O:6]>>[#8H1:7]-[#6:2](=[O:8])\[#6:1]=[#6:3]\[#6:4](-[#8H1:5])=[O:6].[#6:10]-[#7H2:9]	Any;Any
48_0	Any	[#6:4]-[#6H2X4:3]-[#6h1X4:2](-[#6:1])-[#8H:5]>>[#6:1]\[#6H1:2]=[#6H1:3]\[#6:4]	Any
49_0	Any	[#6X4:1]-[#6:2]-[#6:3]=[O:5]>>[#6X3:1]=[#6:2][#6:3]=[O:5]	Any
50_0	Any	[#6@@H:1]-[#6:2]-[#6:3]=[O:5]>>[#6H0:1]=[#6:2][#6:3]=[O:5]	Any
51_0	Any	[#6X4:1]-[#6@@H:2]-[#6:3]=[O:5]>>[#6X3:1]=[#6H0:2][#6:3]=[O:5]	Any
52_0	Any	[#6@@H,#6:1]-[#6:2]-[#6:3][N:5]([O:6])[O:7]>>[#6H0,#6:1]=[#6:2][#6:3][N:5]([O:6])[O:7]	Any
53_0	Any	[#6:3]-[#6:2]-[#6:1]-[#7:4](-[#8:5])-[#8:6]>>[#6:3]\[#6:2]=[#6:1]/[#7:4](-[#8:6])-[#8:5]	Any
54_0	Any	[#6@@H,#6:1]-[#6:2]-[#6:3]#[N:6]>>[#6H0,#6:1]=[#6:2][#6:3]#[N:6]	Any
55_0	Any	[#8;R0;H1:2]-[#6X4;z1:1]-[#6X4;z1:3]-[#8;R0;H1]>>[#6X4;z1:1]-1-[#6X4;z1:3]-[#8H0:2]-1	Any
56_0	Any	[#6:1][#6;H0:2](=[OH0:3])[OH:4]>>[#6:1][#6:2](=[O:3])[O:4][#6][#6]	Any
57_0	Any	[#6;X4:5]-[#8H1:6]>>[#6;X4:5]-[#8:6]-[#6](-[#6][#6])=O	Any
58_0	Any	[#6:5]-[#8:3]-[#6:2](-[#6:1])=[O:4]>>[#6:1]-[#6:2](-[#8:3])=[O:4].[#6:5]-[#8]	Any;Any
59_0	Any	[c:1]1[c:2][c:3][c:4][c:5][c:6]1[#6z1:7]([OH:9])[#6H3:8]>>[c:1]1[c:2][c:3][c:4][c:5][c:6]1[#6H2:7][#6H3:8]	Any
60_0	Any	[#6H3:10]-[#6:9](=[O:11])-[c:2]1[cH1:3][cH1:4][c:5](-[#8H1:8])[cH1:6][c:1]1-[#8H1:7]>>[#6:10]-[#6:9](=[O:11])-[#8:7]-[c:1]1[c:2][c:3][c:4][c:5](-[#8:8])[c:6]1	Any
61_0	Any	([OH:1][#6:2]1.[#6r5,r6:6][O:7]1)>>([O:1]=[#6:2].[#6r5,r6:6][OH:7])	Any
62_0	Any	([O:1]=[#6:2][#6:3][#6:4].[#6:5][#6R0:6][OH:7])>>([OH:1][#6:2]1[#6:3][#6:4].[#6:5][#6:6][O:7]1)	Any
63_0	Any	[#6:1][#6:2]([OH:3])[#6:4]#[N:5]>>[#6:1][#6H1:2]=[O:3]	Any
64_0	Any	[#6:1][#6:2]([OH:3])[#6:4][N+:5]([O-:6])=[O:7]>>[#6:1][#6H1:2]=[O:3]	Any
65_0	Any	[#7:7]-[c:1]1[c:2][c:3][c:4][c:5][c:6]1>>[#8H1]-[#7H1:7]-[c:1]1[c:2][c:3][c:4][c:5][c:6]1	Any
66_0	Any	[#6X3;z1:1]=[OH0:2] >> [#6X3;z1:1]=[NH1]	Any
67_0	Any	[#6r5,r6;R1:1]-[#7R1:2]-[#6R1:3]=[O:4]>>[#6r5,r6;R1:1]-[#7R1:2]=[#6R1:3]	Any
68_0	Any	[#6z1X3:1]=[#7H0;+0;R0:2][#6X4z1,c:3]>>[#6:1]=[O].[#7:2][#6,c:3]	Any;Any
69_0	Any	[#6X4;z1:2]-[#7X3;z0:3]>>[#6X4;z1:2]=[#7X3;z0:3]	Any
70_0	Any	[#6:1]-[#6@@H;X4:3](-[#6:2])-[#7X3;z0:4]>>[#6:1]-[#6H0;X3:3](-[#6:2])=[#7X3;z0:4]	Any
71_0	Any	[#6:1]-[#6@H;X4:3](-[#6:2])-[#7X3;z0:4]>>[#6:1]-[#6H0;X3:3](-[#6:2])=[#7X3;z0:4]	Any
72_0	Any	[#6;X3:1]=[#6:2]([NH1:3])[#6;X4:4]>>[#6h1;X4:1][#6:2](=[N:3])[#6;X4:4]	Any
73_0	Any	[#6X4:1]-[#6:2](=[N:3])-[#6X4:4]>>[#6:1]=[#6:2](-[N:3])-[#6:4]	Any
74_0	Any	[#6:3][#6;R0:1](-[#6:4])=[#7+:2]([#6:5])-[#6:6]>>[#6:5]-[#7H1;+0:2]-[#6:6].[#6:3]-[#6;R0:1](-[#6:4])=[O]	Any;Any
75_0	Any	[#6H1;R0:1](-[#6:4])=[#7+:2](/[#6:5])-[#6:6]>>[#6:5]-[#7H1;+0:2]-[#6:6].[#6H1;R0:1](-[#6:4])=[O]	Any;Any
76_0	Any	[#6;R1:3]@[#6;R1:1](@[#6;R1:4])=[#7+:2](/[#6:5])-[#6:6]>>[#6:5]-[#7H1;+0:2]-[#6:6].[#6;x1;R1:3][#6x1;R1:1]([#6;x1;R1:4])=[O;R1]	Any;Any
77_0	Any	[#6:10][#6X4:1][#7H0;+0;X3:2](-[#6X4:3])-[#6X4:4]>>[#6:10][#6X3;H1:1]=[#7H0+X3:2](-[#6X4:3])-[#6X4:4]	Any
78_0	Any	[#6:10][#6X4:1]([#6:11])[#7H0;+0;X3:2](-[#6X4:3])-[#6X4:4]>>[#6:10][#6H0X3:1]([#6:11])=[#7H0+X3:2](-[#6X4:3])-[#6X4:4]	Any
79_0	Any	([NH0;+0;R:1]1[#6X4:2].[#6r5,r6,r7:6]=1)>>([N;+0:1][#6X4:2].[#6r5,r6,r7:6]=[O])	Any
80_0	Any	([N;+0:1][#6X4:2].[#6:4][#6:5][#6;z1:6]=[OH0:10])>>([NH0;+0:1]1[#6X4:2].[#6:4][#6:5][#6:6]=1)	Any
81_0	Any	([#6r5,r6,r7:7][#7+:1]1=[#6R:6].[#6:2]1)>>([#6r5,r6,r7:7][#7;+0:1][#6:2].[#6:6]=[O])	Any
82_0	Any	([#6:7][#7R0;+0:1][#6:2].[#6:4][#6:5][#6;z1:6]=[OH0:10])>>([#6:7][#7+;H0:1]1=[#6:6][#6:5][#6:4].[#6:2]1)	Any
83_0	Any	[#7H2:1]-[#6@H:2](-[#6H2X4:3])-[#6:11](-[#8H:13])=[O:12]>>[#8H:13]-[#6:11](=[O:12])-[#6H0:2](=[O])-[#6H2X4:3]	Any
84_0	Any	[#7H2:1]-[#6H:2](-[#6H2X4:3])-[#6:11](-[#8H:13])=[O:12]>>[#8H:13]-[#6:11](=[O:12])-[#6H0:2](=[O])-[#6H2X4:3]	Any
85_0	Any	[#6:5][#6:6]([#7H2;R0:3])[#6:8]>>[#6:5][#6H0:6](=[#8])[#6:8]	Any
86_0	Any	[#6:5]-[#6:4]-[#8:6]-[#6:2](-[#6:1])=[O:3]>>[#6:5]-[#6:4]-[#6:2](-[#6:1])=[O:3]	Any
87_0	Any	[#6:1][#6:2]([#6:3])[#8H1:4]>>[#6:1][#6H0:2]([#6:3])=[#8:4]	Any
88_0	Any	[#6:1]-[#6:2](-[#6z0;X4:4])=[O:3]>>[#6:1]-[#6:2](-[#8:3])=[#6z0;X3:4]	Any
89_0	Any	[#6:1]-[#6:2](-[#8:3])=[#6z0;X3:4]>>[#6:1]-[#6:2](-[#6z0;X4:4])=[O:3]	Any
90_0	Any	([N:1]1[#6:2].[#6:4][#6R1:5](=[OH0:6])1)>>([N:1][#6:2].[#6:4][#6:5](=[O:6])[O][#6])	Any
91_0	Any	([N:1][#6X4:2][#6:3].[#6R0:4][#6R0:5](=[O:6])[OH:7])>>([N:1]1[#6:2][#6:3].[#6R1:4][#6R1:5](=[OH0:6])1)	Any
92_0	Any	([OH0:1]1[#6:2].[#6:4][#6R1:5](=[OH0:6])1)>>([OH:1][#6:2].[#6:4][#6:5](=[O:6])[O][#6])	Any
93_0	Any	([OH:1][#6X4:2].[#6:4][#6:5](=[O:6])[OH:7])>>([OH0:1]1[#6:2].[#6:4][#6R1:5](=[OH0:6])1)	Any
94_0	Any	[#6:1]-[#6:2](-[OH:5])(-[#6:3])-[#6H3:4]>>[#6:1]-[#6:2](-[#6:3])=[#6H2:4]	Any
95_0	Any	[#6X4z1:1][Nz0:2][#6H3:3]>>[#6:1][N:2]	Any
96_0	Any	[#6:1][#6X3H0:2](=[O:4])[NX3H2:3]>>[#6:1][#6X2H0:2]#[NX3H0:3]	Any
97_0	Any	[#6:1][#6X3H0:2](=[O:4])[OH:5]>>[#6:1][#6X2H0:2]#[NX3H0]	Any
98_0	Any	[#6:1][#6X4H2:2][NX3H2:3]>>[#6:1][#6X2:2]#[NX3:3]	Any
99_0	Any	[#7H2:7]-[c:1]1[c:2][c:3][c:4][c:5][c:6]1>>[O]-[#7:7](-[O])-[c:1]1[c:2][c:3][c:4][c:5][c:6]1	Any
100_0	Any	[#8H1:8]-[#7:7]-[c:1]1[c:2][c:3][c:4][c:5][c:6]1>>[O:8]-[#7:7](-[O])-[c:1]1[c:2][c:3][c:4][c:5][c:6]1	Any
101_0	Any	[#8H1:19]-[c:18]1[c:17][c:16][c:15][c:12]2-[#6H2:11]-[#6H1:7]-3-[#7:8](-[#6H2:9]-[#6H2:10]-[c:6]4[cH1:1][c:2][c:3][c:4][c:5]-34)-[#6H2:14]-[c:13]12>>[#6H3:14]-[#7:8]-1-[#6H2:9]-[#6H2:10]-[c:6]2[cH1:1][c:2][c:3][c:4][c:5]2-[#6H1:7]-1-[#6H2:11]-[c:12]1[c:15][c:16][c:17][c:18](-[#8H1:19])[cH1:13]1	Any
102_0	Any	[#8H1:19]-[c:18]1[c:17][c:16][c:15][c:12]2-[#6H2:11]-[#6@@H1:7]-3-[#7:8](-[#6H2:9]-[#6H2:10]-[c:6]4[cH1:1][c:2][c:3][c:4][c:5]-34)-[#6H2:14]-[c:13]12>>[#6H3:14]-[#7:8]-1-[#6H2:9]-[#6H2:10]-[c:6]2[cH1:1][c:2][c:3][c:4][c:5]2-[#6H1:7]-1-[#6H2:11]-[c:12]1[c:15][c:16][c:17][c:18](-[#8H1:19])[cH1:13]1	Any
103_0	Any	[#8H1:19]-[c:16]1[c:17][c:18][c:13]2-[#6H2:14]-[#7:8]-3-[#6H2:9]-[#6H2:10]-[c:6]4[cH1:1][c:2][c:3][c:4][c:5]4-[#6H1:7]-3-[#6H2:11]-[c:12]2[c:15]1>>[#6H3:14]-[#7:8]-1-[#6H2:9]-[#6H2:10]-[c:6]2[cH1:1][c:2][c:3][c:4][c:5]2-[#6H1:7]-1-[#6H2:11]-[c:12]1[cH1:13][c:18][c:17][c:16](-[#8H1:19])[c:15]1	Any
104_0	Any	[#8H1:19]-[c:16]1[c:17][c:18][c:13]2-[#6H2:14]-[#7:8]-3-[#6H2:9]-[#6H2:10]-[c:6]4[cH1:1][c:2][c:3][c:4][c:5]4-[#6@@H1:7]-3-[#6H2:11]-[c:12]2[c:15]1>>[#6H3:14]-[#7:8]-1-[#6H2:9]-[#6H2:10]-[c:6]2[cH1:1][c:2][c:3][c:4][c:5]2-[#6H1:7]-1-[#6H2:11]-[c:12]1[cH1:13][c:18][c:17][c:16](-[#8H1:19])[c:15]1	Any
105_0	Any	[#6:10]-[#6:5]1=[#6:4]-[#6:3](=[O:7])[C@:2]([#6:8])([#8:9])[#6:1](=[O:11])\[#6:6]-1=[#6:12]/[#8:13]>>[#6:10]-[c:5]1[c:4][c:3](-[#8:7])[c:2](-[#6:8])[c:1](-[#8:11])[c:6]1-[#6:12]=[O:13]	Any
106_0	Any	[#6:10]-[#6:5]1=[#6:4]-[#6:3](=[O:7])[C:2]([#6:8])([#8:9])[#6:1](=[O:11])\[#6:6]-1=[#6:12]/[#8:13]>>[#6:10]-[c:5]1[c:4][c:3](-[#8:7])[c:2](-[#6:8])[c:1](-[#8:11])[c:6]1-[#6:12]=[O:13]	Any
107_0	Any	[#8:18]-[#6:17]-[#6:16]-1-[#8:19]-[#6@H:12](-[#6:13]-[#6@@H:14]-1-[#8:15])-[n:9]1[c:8][n:7][c:2]2[c:1][c,n:6][c:5][n:4][c:3]12>>[#8:18]-[#6:17]-[#6:16]-1-[#8:19]-[#6@H:12](-[#6:13]-[#6@@H:14]-1-[#8:15])-[#8][P]([#8])([#8-])=[O].[c:8]1[n:7][c:2]2[c:1][c,n:6][c:5][n:4][c:3]2[nH:9]1	Any;Any
108_0	Any	[#8:8]-[#6:7]-[#6:2]-1-[#6:3]-[#6:4]-[#6:5](-[#8:6][P:9]([#8:11])([#8-:10])=[O:12])-[#8:1]-1>>[#8:6]-[#6:5]-1-[#6:4]-[#6:3]-[#6:2](-[#6:7]-[#8:8][P:9]([#8:11])([#8-:10])=[O:12])-[#8:1]-1	Any
109_0	Any	[#6:2]-[#8:1]>>[#6:2]-[#8:1][P]([#8])([#8])=[O]	Any
110_0	Any	[#6:1]-[OH0:2]-[P:3](=[O:4])(-[O:5])(-[O:6])>>[#6:1]-[OH1:2]	Any
111_0	Any	[#6:11]-[#6:12]-1-[#7:10]-[#6:9]-[#6:8]-[c:6]2[c:1][c:2](-[#8:7])[c:3][c:4][c:5]-12>>[#7:10]-[#6:9]-[#6:8]-[c:6]1[c:5][c:4][c:3][c:2](-[#8:7])[c:1]1.[#6:11]-[#6:12]=[O]	Any;Any
112_0	Any	[#6:14][#6:13]1[#7:12][#6:11][#6:10][c:9]2[c:8]1[#7:7][c:5]1[c:4][c:3][c:2][c:1][c:6]21>>[#7:12][#6:11][#6:10][c:9]1[c:8][#7:7][c:5]2[c:4][c:3][c:2][c:1][c:6]12.[#6:14][#6:13]=[O]	Any;Any
113_0	Any	[#6:2]-[#6:1](-[#8H1:3])=[O:4]>>[#6:2]-[#6:1]-[#8H1:3]	Any
114_0	Any	[#6:1][#6H1:2]=[#8:4]>>[#6:1][#6H2:2][#8H1:4]	Any
115_0	Any	[#6H2:2]=[#8:4]>>[#6H3:2][#8H1:4]	Any
116_0	Any	[#6:5][#6H1:6]=[#8:7]>>[#6:5][#6H2:6][#7;R0]	Any
117_0	Any	[#6:1][#6H0:2]([#6:3])=[#8:4]>>[#6:1][#6@@H1:2]([#6:3])[#8H1:4]	Any
118_0	Any	[#6:5][#6H0:6](=[#8:7])[#6:8]>>[#6:5][#6@H1:6]([#7;R0])[#6:8]	Any
119_0	Any	[#6:15]-[#6:13]-1=[#6:12]-[#6:5]-2=[#6:4]-[#6:3](=[O:16])[C:2]([#6:8])([#8:7])[#6:1](=[O:9])-[#6:6]-2=[#6:10]-[#8:14]-1>>[#6:15]-[#6:13](=[O:14])-[#6:12]-[#6:5]1=[#6:4]-[#6:3](=[O:16])[C:2]([#6:8])([#8:7])[#6:1](=[O:9])\[#6:6]-1=[#6:10]/[#8]	Any
120_0	Any	[#6:15]-[#6:13]-1=[#6:12]-[#6:5]-2=[#6:4]-[#6:3](=[O:16])[C@:2]([#6:8])([#8:7])[#6:1](=[O:9])-[#6:6]-2=[#6:10]-[#8:14]-1>>[#6:15]-[#6:13](=[O:14])-[#6:12]-[#6:5]1=[#6:4]-[#6:3](=[O:16])[C@:2]([#6:8])([#8:7])[#6:1](=[O:9])\[#6:6]-1=[#6:10]/[#8]	Any
121_0	Any	[#8:3]=[#6H1:1][#6H2:2][c:9]2[c:8][c:7][c:6][c:12][c:11]2>>[#6H1:1]-1-[#8:3]-[#6H1:2]-1-[c:9]2[c:8][c:7][c:6][c:12][c:11]2	Any
122_0	Any	[#6:2][S:1]([#6:3])=[O:4]>>[#6:2]-[#16:1]-[#6:3]	Any
123_0	Any	[#6:1][#6H0:2](=[O:3])[#6:4]([OH:5])[c:6]>>[#6:1][#6H0:2]([#6](=[OH0])[OH])=[O:3].[#6H1:4](=[O:5])[c:6]	Any;Any
124_0	Any	[c:1][#6H0:2](=[O:3])[#6X4;z1:4]([OH:5])>>[c:1][#6H1:2]=[O:3].[#6X4;z1:4](=[O:5])	Any;Any
125_0	Any	[#6:10][#6X3;R0:1](=[OH0:2])-[#6X4;z0:3]-[#6X4H2:4]-[#6;R0:5]=[OH0:6]>>[#6:10][#6X3;R0:1](=[OH0:2]).[#6X3;z0:3]=[#6X3H1:4]-[#6;R0:5]=[OH0:6]	Any;Any
126_0	Any	[#6;X3;z1:2](=[O:3])[#6:4]([OH:5])[c:6]>>[#6X3;z1:2]=[O:3].[#6H1:4](=[O:5])[c:6]	Any;Any
127_0	Any	[#6:1]-[#6:2](=[O:3])-[#7X3:4]>>[#6:1]-[#6:2](=[O:3])-[#7X3]-[C].[#7X3:4]	Any;Any
128_0	Any	[#7H2:15]-[#6@@H:11](-[#6:10]-[c:9]1[c:8][nH1:7][c:4]2[c:3][c:2][c:1][c:6][c:5]12)-[#6:12](-[#8H1:13])=[O:14]>>[c:8]1[c:9][c:5]2[c:6][c:1][c:2][c:3][c:4]2[n:7]1	Any
129_0	Any	[c:1]1[c:2][c:3][c:4][c:5][c:6]1[C:7][C:8]([NH2])[C:9](=[O:10])[O:11]>>[c:1]1[c:2][c:3][c:4][c:5][c:6]1/[C:7]=[C:8]/[C:9](=[O:10])[O:11]	Any
130_0	Any	[c:1]1[c:2][c:3][c:4][c:5][c:6]1/[C:7]=[C:8]/[C:9](=[O:10])[O:11]>>[c:1]1[c:2][c:3][c:4][c:5][c:6]1[C:7]-[C@@H1:8](-[NH2])[C:9](=[O:10])[O:11]	Any
131_0	Any	[c:1]1[c:2][c:3][c:4][c:5][c:6]1/[C:7]=[C:8]/[C:9](=[O:10])[O:11]>>[c:1]1[c:2][c:3][c:4][c:5][c:6]1[C:7]-[C@H1:8](-[NH2])[C:9](=[O:10])[O:11]	Any
132_0	Any	[c:1]1[c:2][c:3][c:4][c:5][c:6]1[#6h1:7]([NH2])[C:8][C:9](=[O:10])[O:11]>>[c:1]1[c:2][c:3][c:4][c:5][c:6]1/[#6:7]=[C:8]/[C:9](=[O:10])[O:11]	Any
133_0	Any	[c:1]1[c:2][c:3][c:4][c:5][c:6]1/[C:7]=[C:8]/[C:9](=[O:10])[O:11]>>[c:1]1[c:2][c:3][c:4][c:5][c:6]1[C@@H1:7](-[NH2])[C:8][C:9](=[O:10])[O:11]	Any
134_0	Any	[c:1]1[c:2][c:3][c:4][c:5][c:6]1/[C:7]=[C:8]/[C:9](=[O:10])[O:11]>>[c:1]1[c:2][c:3][c:4][c:5][c:6]1[C@H1:7](-[NH2])[C:8][C:9](=[O:10])[O:11]	Any
